idx,time_delta
0,-12
1,-6
2,13
3,10
4,-10
5,-16
6,-9
7,-5
8,14
9,-16
10,2
11,5
12,6
13,3
14,-1
15,0
16,6
17,13
18,-10
19,4
20,13
21,-1
22,-5
23,15
24,-9
25,0
26,10
27,-7
28,8
29,-8
30,0
31,-5
32,0
33,-9
34,-1
35,-3
36,1
37,-1
38,-26
39,11
40,-2
41,7
42,4
43,21
44,-8
45,-18
46,2
47,-9
48,-1
49,15
50,19
51,-7
52,-5
53,0
54,7
55,-22
56,3
57,15
58,-11
59,-8
60,10
61,0
62,0
63,-5
64,-1
65,6
66,-4
67,13
68,16
69,7
70,4
71,-12
72,4
73,-2
74,13
75,4
76,12
77,0
78,-18
79,-9
80,1
81,-10
82,-10
83,-6
84,5
85,3
86,4
87,10
88,11
89,20
90,4
91,4
92,-3
93,8
94,-21
95,12
96,-9
97,-12
98,-3
99,-2
100,3
101,7
102,12
103,10
104,2
105,-16
106,-4
107,12
108,-10
109,-14
110,-7
111,-1
112,-12
113,-17
114,-13
115,-8
116,-11
117,-14
118,-12
119,20
120,12
121,-13
122,-1
123,0
124,-11
125,10
126,-14
127,0
128,4
129,3
130,10
131,-14
132,-3
133,8
134,0
135,-3
136,27
137,17
138,3
139,0
140,-10
141,-9
142,0
143,10
144,-2
145,6
146,-1
147,-14
148,-9
149,1
150,-19
151,-4
152,-3
153,11
154,14
155,-2
156,-1
157,5
158,0
159,8
160,7
161,0
162,6
163,-8
164,-3
165,15
166,-19
167,9
168,18
169,14
170,18
171,12
172,6
173,-6
174,-5
175,-16
176,4
177,1
178,0
179,7
180,11
181,1
182,8
183,3
184,8
185,-12
186,-13
187,-19
188,-8
189,1
190,-7
191,-18
192,-13
193,6
194,-11
195,4
196,11
197,15
198,-7
199,-23
200,7
201,17
202,18
203,-8
204,15
205,3
206,9
207,2
208,-14
209,-3
210,10
211,-6
212,-10
213,4
214,-25
215,-7
216,4
217,-5
218,-3
219,22
220,-17
221,16
222,7
223,9
224,-2
225,10
226,-8
227,5
228,-1
229,3
230,-5
231,6
232,-29
233,-23
234,-3
235,4
236,-12
237,3
238,1
239,11
240,-20
241,-10
242,4
243,-4
244,5
245,15
246,-5
247,0
248,11
249,5
250,0
251,9
252,-8
253,-5
254,13
255,2
256,-24
257,0
258,7
259,2
260,16
261,-1
262,-5
263,8
264,-10
265,16
266,-1
267,17
268,-5
269,-16
270,2
271,5
272,-9
273,19
274,-8
275,-8
276,7
277,22
278,-4
279,8
280,6
281,5
282,-14
283,-1
284,3
285,-14
286,-1
287,4
288,5
289,-13
290,11
291,-10
292,6
293,-6
294,-4
295,-21
296,6
297,8
298,-15
299,0
300,8
301,7
302,5
303,16
304,9
305,-9
306,2
307,1
308,9
309,-8
310,16
311,-12
312,2
313,5
314,6
315,-21
316,1
317,16
318,-1
319,-22
320,4
321,7
322,-10
323,0
324,-7
325,14
326,12
327,-14
328,10
329,-12
330,3
331,-8
332,9
333,-21
334,25
335,10
336,-17
337,10
338,-16
339,5
340,-5
341,-1
342,-1
343,-21
344,-10
345,-3
346,4
347,13
348,10
349,7
350,9
351,17
352,-12
353,18
354,4
355,19
356,-10
357,-6
358,8
359,5
360,-6
361,4
362,28
363,-1
364,9
365,-27
366,-20
367,-14
368,9
369,3
370,-7
371,0
372,-3
373,-15
374,14
375,-9
376,8
377,-5
378,-4
379,-6
380,6
381,2
382,4
383,8
384,-14
385,6
386,-12
387,-2
388,-13
389,4
390,15
391,3
392,-1
393,-6
394,4
395,10
396,-1
397,14
398,-11
399,-7
400,0
401,5
402,9
403,-18
404,0
405,3
406,6
407,0
408,7
409,-12
410,-13
411,2
412,0
413,11
414,-17
415,3
416,10
417,-17
418,1
419,14
420,-12
421,11
422,2
423,-3
424,-16
425,12
426,-19
427,-12
428,18
429,2
430,8
431,11
432,4
433,0
434,-5
435,8
436,-4
437,5
438,-11
439,-7
440,0
441,15
442,3
443,-10
444,1
445,1
446,6
447,11
448,9
449,-6
450,0
451,13
452,-1
453,0
454,-7
455,-12
456,0
457,-3
458,-5
459,-2
460,5
461,5
462,0
463,8
464,18
465,-5
466,15
467,2
468,-5
469,-3
470,13
471,-5
472,-7
473,12
474,5
475,2
476,-14
477,-18
478,-13
479,18
480,-13
481,4
482,10
483,-3
484,1
485,14
486,-1
487,8
488,10
489,-21
490,10
491,12
492,7
493,-8
494,-11
495,-18
496,3
497,0
498,-3
499,2
500,-1
501,-17
502,8
503,9
504,3
505,6
506,-25
507,-1
508,16
509,10
510,-1
511,-3
512,-5
513,-17
514,8
515,6
516,10
517,5
518,-16
519,10
520,0
521,-11
522,-2
523,-24
524,-19
525,6
526,6
527,-11
528,-5
529,0
530,16
531,1
532,13
533,-12
534,5
535,0
536,-2
537,9
538,8
539,3
540,2
541,-11
542,2
543,1
544,13
545,11
546,8
547,6
548,-8
549,-22
550,15
551,-2
552,13
553,-8
554,7
555,10
556,-5
557,16
558,-10
559,-7
560,3
561,12
562,4
563,12
564,-15
565,-4
566,2
567,-4
568,5
569,-18
570,-10
571,-11
572,-4
573,-2
574,2
575,7
576,13
577,-6
578,5
579,2
580,1
581,3
582,6
583,-23
584,2
585,15
586,11
587,4
588,-2
589,0
590,0
591,0
592,6
593,6
594,-1
595,-6
596,19
597,5
598,18
599,13
600,5
601,3
602,8
603,1
604,-16
605,10
606,4
607,-1
608,6
609,5
610,-3
611,-14
612,-2
613,0
614,4
615,-4
616,-1
617,-8
618,0
619,8
620,-9
621,-17
622,1
623,-7
624,3
625,12
626,-14
627,-5
628,11
629,-19
630,-20
631,-4
632,-8
633,3
634,-1
635,4
636,-12
637,-24
638,-2
639,-4
640,-1
641,-1
642,-4
643,2
644,6
645,-6
646,-19
647,7
648,0
649,6
650,8
651,-12
652,4
653,-12
654,6
655,4
656,2
657,-10
658,-5
659,0
660,11
661,-6
662,3
663,-4
664,-9
665,13
666,17
667,6
668,-5
669,-4
670,18
671,3
672,0
673,2
674,1
675,7
676,-15
677,-1
678,-5
679,4
680,-8
681,4
682,10
683,5
684,-2
685,-18
686,17
687,-18
688,-6
689,1
690,-7
691,-19
692,2
693,8
694,1
695,-10
696,3
697,15
698,-6
699,5
700,4
701,-1
702,-14
703,3
704,0
705,15
706,0
707,-8
708,-6
709,2
710,14
711,17
712,-13
713,4
714,3
715,0
716,15
717,-26
718,13
719,-7
720,-6
721,13
722,4
723,-7
724,-18
725,9
726,-14
727,4
728,9
729,0
730,-15
731,-13
732,-12
733,8
734,1
735,-11
736,-2
737,-15
738,9
739,6
740,2
741,12
742,-14
743,-4
744,1
745,-5
746,7
747,5
748,-11
749,-22
750,6
751,11
752,3
753,10
754,9
755,17
756,-7
757,2
758,3
759,0
760,-9
761,-5
762,-1
763,11
764,14
765,8
766,4
767,-10
768,-10
769,5
770,6
771,-17
772,-10
773,-9
774,-19
775,-14
776,-11
777,6
778,-5
779,-6
780,-12
781,-13
782,10
783,1
784,8
785,7
786,7
787,-7
788,0
789,0
790,9
791,-3
792,3
793,-16
794,14
795,5
796,6
797,7
798,0
799,-4
800,-13
801,1
802,-3
803,-6
804,9
805,8
806,2
807,-1
808,1
809,4
810,9
811,8
812,-4
813,-6
814,1
815,19
816,-1
817,8
818,2
819,-10
820,-5
821,-13
822,-1
823,7
824,0
825,17
826,0
827,-1
828,-5
829,9
830,2
831,-9
832,-15
833,1
834,-12
835,15
836,3
837,-3
838,7
839,11
840,-5
841,5
842,10
843,-9
844,-17
845,-8
846,-5
847,10
848,11
849,-3
850,5
851,-1
852,0
853,-5
854,17
855,5
856,0
857,-5
858,-7
859,-30
860,8
861,2
862,-3
863,5
864,1
865,-13
866,6
867,-8
868,1
869,-3
870,9
871,-7
872,8
873,8
874,10
875,3
876,4
877,9
878,-1
879,-16
880,23
881,9
882,11
883,21
884,8
885,-4
886,5
887,-1
888,-6
889,4
890,-7
891,-26
892,18
893,-31
894,-8
895,-15
896,7
897,11
898,14
899,9
900,-5
901,4
902,5
903,8
904,-13
905,-4
906,-4
907,-7
908,-5
909,13
910,-2
911,-12
912,2
913,0
914,0
915,1
916,-16
917,-3
918,8
919,7
920,3
921,1
922,9
923,22
924,0
925,22
926,-2
927,11
928,-8
929,-1
930,-27
931,10
932,-3
933,-5
934,20
935,-17
936,2
937,-6
938,-9
939,2
940,-8
941,3
942,-8
943,1
944,3
945,-1
946,-11
947,-9
948,-5
949,-4
950,-4
951,6
952,-3
953,-4
954,17
955,-1
956,14
957,-4
958,-13
959,-6
960,-7
961,-18
962,-1
963,-9
964,15
965,-8
966,5
967,-11
968,-11
969,-7
970,13
971,13
972,16
973,7
974,7
975,3
976,-17
977,-4
978,0
979,-2
980,-21
981,8
982,13
983,-12
984,10
985,11
986,11
987,-19
988,-18
989,11
990,11
991,-5
992,-11
993,-6
994,-13
995,-5
996,9
997,1
998,3
999,-13
1000,9
1001,13
1002,-6
1003,12
1004,-2
1005,9
1006,-2
1007,13
1008,17
1009,8
1010,-1
1011,-2
1012,-6
1013,13
1014,-15
1015,-7
1016,-12
1017,6
1018,-4
1019,-13
1020,-12
1021,0
1022,-4
1023,7
1024,-7
1025,33
1026,31
1027,7
1028,14
1029,0
1030,3
1031,-9
1032,-1
1033,5
1034,-3
1035,2
1036,2
1037,7
1038,17
1039,0
1040,11
1041,-14
1042,-3
1043,0
1044,-11
1045,-4
1046,-1
1047,0
1048,6
1049,-14
1050,-6
1051,-7
1052,9
1053,2
1054,-18
1055,-3
1056,22
1057,10
1058,7
1059,10
1060,0
1061,-5
1062,-2
1063,0
1064,7
1065,-5
1066,-13
1067,-4
1068,14
1069,11
1070,-26
1071,10
1072,13
1073,12
1074,-17
1075,2
1076,-5
1077,-7
1078,2
1079,19
1080,17
1081,6
1082,-14
1083,16
1084,5
1085,-15
1086,8
1087,-31
1088,-5
1089,-10
1090,4
1091,5
1092,-10
1093,6
1094,11
1095,-12
1096,-10
1097,13
1098,7
1099,3
1100,-26
1101,19
1102,4
1103,-11
1104,7
1105,20
1106,-6
1107,6
1108,-3
1109,-2
1110,4
1111,-12
1112,-6
1113,-4
1114,-6
1115,0
1116,-16
1117,0
1118,-3
1119,5
1120,8
1121,8
1122,-5
1123,14
1124,-8
1125,-6
1126,6
1127,-9
1128,-12
1129,-8
1130,0
1131,0
1132,19
1133,-9
1134,4
1135,8
1136,-16
1137,-3
1138,0
1139,1
1140,-3
1141,3
1142,4
1143,9
1144,6
1145,4
1146,3
1147,5
1148,5
1149,-3
1150,4
1151,-7
1152,11
1153,11
1154,-4
1155,14
1156,11
1157,11
1158,-4
1159,2
1160,-8
1161,2
1162,12
1163,-5
1164,12
1165,-20
1166,13
1167,6
1168,-9
1169,-12
1170,-1
1171,19
1172,-8
1173,4
1174,10
1175,0
1176,-11
1177,13
1178,13
1179,-4
1180,-21
1181,-8
1182,0
1183,-3
1184,-2
1185,-2
1186,6
1187,-5
1188,-13
1189,-2
1190,0
1191,12
1192,8
1193,5
1194,6
1195,10
1196,7
1197,8
1198,0
1199,9
1200,8
1201,-1
1202,-22
1203,3
1204,12
1205,9
1206,4
1207,0
1208,-21
1209,-34
1210,-5
1211,11
1212,1
1213,0
1214,-4
1215,-17
1216,7
1217,9
1218,-8
1219,0
1220,-6
1221,0
1222,10
1223,-9
1224,-19
1225,6
1226,0
1227,9
1228,-22
1229,19
1230,-4
1231,18
1232,18
1233,-6
1234,15
1235,-18
1236,2
1237,-1
1238,-28
1239,13
1240,8
1241,-21
1242,1
1243,-2
1244,7
1245,-14
1246,-8
1247,5
1248,-1
1249,-7
1250,-5
1251,-20
1252,10
1253,0
1254,0
1255,-5
1256,14
1257,6
1258,-13
1259,10
1260,-9
1261,-13
1262,-6
1263,-11
1264,-8
1265,8
1266,-11
1267,-15
1268,-8
1269,14
1270,-9
1271,3
1272,0
1273,8
1274,6
1275,11
1276,9
1277,6
1278,14
1279,1
1280,3
1281,16
1282,-4
1283,-19
1284,-18
1285,9
1286,6
1287,-23
1288,-5
1289,1
1290,-14
1291,5
1292,0
1293,-21
1294,0
1295,4
1296,4
1297,16
1298,8
1299,-5
1300,-9
1301,4
1302,12
1303,17
1304,23
1305,-9
1306,-17
1307,-12
1308,-7
1309,2
1310,8
1311,9
1312,0
1313,3
1314,8
1315,15
1316,-18
1317,-21
1318,6
1319,12
1320,-3
1321,-18
1322,-13
1323,-3
1324,-10
1325,5
1326,19
1327,-9
1328,-14
1329,-7
1330,-6
1331,-3
1332,10
1333,8
1334,4
1335,6
1336,9
1337,10
1338,4
1339,5
1340,2
1341,7
1342,10
1343,3
1344,-21
1345,6
1346,3
1347,8
1348,-4
1349,-7
1350,-1
1351,-8
1352,13
1353,5
1354,-3
1355,-6
1356,3
1357,11
1358,-9
1359,6
1360,-17
1361,0
1362,-19
1363,0
1364,14
1365,2
1366,14
1367,-11
1368,-5
1369,6
1370,-13
1371,30
1372,13
1373,15
1374,-5
1375,-6
1376,-12
1377,-10
1378,12
1379,-6
1380,3
1381,13
1382,0
1383,-15
1384,13
1385,1
1386,-5
1387,-2
1388,19
1389,19
1390,-16
1391,-2
1392,10
1393,-10
1394,1
1395,-5
1396,-9
1397,11
1398,-2
1399,13
1400,2
1401,-8
1402,12
1403,-17
1404,-11
1405,-8
1406,0
1407,7
1408,4
1409,-27
1410,8
1411,-3
1412,19
1413,-2
1414,11
1415,9
1416,-16
1417,2
1418,0
1419,-6
1420,-4
1421,13
1422,1
1423,-15
1424,2
1425,-5
1426,-7
1427,18
1428,5
1429,11
1430,-16
1431,-22
1432,-1
1433,-2
1434,14
1435,-5
1436,0
1437,11
1438,1
1439,14
1440,6
1441,8
1442,-13
1443,8
1444,4
1445,0
1446,23
1447,-9
1448,-17
1449,1
1450,-18
1451,4
1452,-9
1453,-7
1454,0
1455,-10
1456,0
1457,4
1458,16
1459,9
1460,7
1461,11
1462,-11
1463,2
1464,16
1465,3
1466,11
1467,3
1468,-7
1469,5
1470,14
1471,-12
1472,-18
1473,18
1474,1
1475,-19
1476,3
1477,-14
1478,9
1479,-13
1480,5
1481,-16
1482,-9
1483,-10
1484,-13
1485,-1
1486,-14
1487,21
1488,-4
1489,-3
1490,4
1491,5
1492,-13
1493,5
1494,-12
1495,24
1496,-8
1497,-26
1498,-5
1499,8
1500,2
1501,-8
1502,-5
1503,6
1504,10
1505,-13
1506,11
1507,-12
1508,9
1509,-5
1510,9
1511,-2
1512,-13
1513,18
1514,-12
1515,20
1516,-9
1517,8
1518,13
1519,3
1520,-3
1521,17
1522,-6
1523,13
1524,5
1525,-2
1526,5
1527,0
1528,7
1529,-9
1530,20
1531,-7
1532,0
1533,7
1534,-5
1535,13
1536,7
1537,4
1538,-14
1539,-6
1540,1
1541,-9
1542,-19
1543,1
1544,0
1545,-3
1546,20
1547,10
1548,13
1549,13
1550,-23
1551,-9
1552,-7
1553,-4
1554,-8
1555,-6
1556,9
1557,2
1558,10
1559,-11
1560,-8
1561,-12
1562,6
1563,-9
1564,16
1565,13
1566,8
1567,0
1568,0
1569,-3
1570,10
1571,-8
1572,-18
1573,-12
1574,0
1575,-14
1576,10
1577,-22
1578,8
1579,-13
1580,-7
1581,6
1582,1
1583,2
1584,11
1585,8
1586,0
1587,23
1588,14
1589,13
1590,7
1591,-13
1592,-5
1593,10
1594,-22
1595,12
1596,-11
1597,-12
1598,-11
1599,17
1600,1
1601,7
1602,20
1603,-1
1604,1
1605,5
1606,-14
1607,-5
1608,13
1609,17
1610,-12
1611,-17
1612,0
1613,3
1614,-6
1615,6
1616,-5
1617,14
1618,0
1619,10
1620,-6
1621,1
1622,-22
1623,19
1624,-22
1625,-9
1626,1
1627,-14
1628,13
1629,6
1630,6
1631,11
1632,0
1633,4
1634,4
1635,-10
1636,-3
1637,0
1638,4
1639,10
1640,10
1641,-13
1642,6
1643,10
1644,-12
1645,-16
1646,-10
1647,-4
1648,0
1649,4
1650,-5
1651,-5
1652,0
1653,-15
1654,4
1655,2
1656,1
1657,-9
1658,1
1659,3
1660,9
1661,-2
1662,-16
1663,-6
1664,-2
1665,3
1666,3
1667,7
1668,-8
1669,-13
1670,-8
1671,-5
1672,13
1673,7
1674,-9
1675,0
1676,10
1677,4
1678,-8
1679,-15
1680,-8
1681,3
1682,0
1683,3
1684,0
1685,-7
1686,-14
1687,21
1688,11
1689,0
1690,0
1691,2
1692,8
1693,11
1694,3
1695,-14
1696,-19
1697,-23
1698,12
1699,-9
1700,-29
1701,0
1702,-14
1703,11
1704,12
1705,-4
1706,6
1707,9
1708,-18
1709,4
1710,-7
1711,3
1712,-4
1713,8
1714,15
1715,4
1716,11
1717,1
1718,-4
1719,3
1720,5
1721,43
1722,4
1723,-9
1724,14
1725,-11
1726,3
1727,7
1728,0
1729,8
1730,-2
1731,6
1732,-12
1733,-16
1734,-13
1735,9
1736,3
1737,-4
1738,7
1739,3
1740,5
1741,-2
1742,13
1743,-7
1744,4
1745,2
1746,9
1747,0
1748,10
1749,-5
1750,8
1751,-17
1752,-9
1753,11
1754,12
1755,0
1756,-6
1757,3
1758,0
1759,9
1760,1
1761,-1
1762,0
1763,3
1764,-14
1765,-16
1766,-5
1767,-5
1768,9
1769,-1
1770,9
1771,4
1772,11
1773,-12
1774,-1
1775,-25
1776,5
1777,10
1778,5
1779,4
1780,14
1781,-27
1782,0
1783,-14
1784,11
1785,-11
1786,22
1787,8
1788,9
1789,-12
1790,0
1791,5
1792,10
1793,4
1794,14
1795,-7
1796,1
1797,-14
1798,-1
1799,0
1800,3
1801,0
1802,0
1803,-18
1804,-10
1805,-8
1806,10
1807,-2
1808,7
1809,7
1810,13
1811,-3
1812,-20
1813,1
1814,-23
1815,-2
1816,-5
1817,0
1818,0
1819,10
1820,9
1821,10
1822,-5
1823,0
1824,-15
1825,0
1826,13
1827,10
1828,5
1829,3
1830,12
1831,5
1832,4
1833,-18
1834,-1
1835,4
1836,-5
1837,-30
1838,-12
1839,-28
1840,-14
1841,7
1842,-2
1843,18
1844,22
1845,10
1846,-3
1847,7
1848,-8
1849,12
1850,-11
1851,7
1852,1
1853,3
1854,13
1855,8
1856,6
1857,0
1858,0
1859,-1
1860,5
1861,2
1862,-4
1863,-14
1864,-10
1865,-3
1866,10
1867,-7
1868,0
1869,-1
1870,-6
1871,-1
1872,7
1873,8
1874,7
1875,8
1876,-8
1877,-3
1878,-9
1879,-6
1880,18
1881,15
1882,7
1883,0
1884,14
1885,8
1886,9
1887,0
1888,-10
1889,13
1890,6
1891,-14
1892,-8
1893,-17
1894,9
1895,-38
1896,0
1897,-40
1898,-12
1899,-2
1900,4
1901,0
1902,12
1903,3
1904,7
1905,-1
1906,-8
1907,-34
1908,1
1909,1
1910,-7
1911,-10
1912,2
1913,13
1914,8
1915,3
1916,4
1917,1
1918,-1
1919,5
1920,8
1921,-3
1922,2
1923,18
1924,6
1925,-3
1926,18
1927,-6
1928,-11
1929,1
1930,1
1931,-7
1932,4
1933,-12
1934,-11
1935,3
1936,8
1937,-27
1938,14
1939,0
1940,-9
1941,-15
1942,-11
1943,-26
1944,10
1945,0
1946,0
1947,5
1948,3
1949,18
1950,-14
1951,-2
1952,-6
1953,10
1954,9
1955,-6
1956,27
1957,7
1958,8
1959,0
1960,6
1961,0
1962,1
1963,9
1964,18
1965,3
1966,-7
1967,2
1968,8
1969,4
1970,2
1971,0
1972,-4
1973,7
1974,-12
1975,2
1976,-6
1977,-10
1978,10
1979,6
1980,-6
1981,8
1982,-13
1983,-6
1984,7
1985,8
1986,14
1987,14
1988,-15
1989,10
1990,-12
1991,8
1992,-11
1993,10
1994,-16
1995,2
1996,5
1997,3
1998,-8
1999,-6
2000,4
2001,-6
2002,-9
2003,-7
2004,-8
2005,-8
2006,2
2007,-18
2008,6
2009,-9
2010,10
2011,-2
2012,0
2013,5
2014,0
2015,14
2016,-18
2017,-3
2018,6
2019,9
2020,-23
2021,7
2022,0
2023,12
2024,14
2025,6
2026,-4
2027,14
2028,2
2029,-9
2030,8
2031,11
2032,-4
2033,5
2034,-5
2035,-17
2036,8
2037,-3
2038,-23
2039,-2
2040,0
2041,-12
2042,6
2043,12
2044,-9
2045,10
2046,8
2047,0
2048,8
2049,30
2050,-3
2051,0
2052,-8
2053,-6
2054,-6
2055,10
2056,-17
2057,8
2058,2
2059,-18
2060,18
2061,11
2062,21
2063,-2
2064,1
2065,-60
2066,-1
2067,8
2068,-3
2069,-9
2070,11
2071,14
2072,7
2073,-6
2074,3
2075,1
2076,-16
2077,14
2078,8
2079,-10
2080,19
2081,-1
2082,7
2083,14
2084,-12
2085,2
2086,1
2087,3
2088,-7
2089,-2
2090,-5
2091,-6
2092,-9
2093,-15
2094,-21
2095,9
2096,-10
2097,-12
2098,14
2099,-1
2100,17
2101,8
2102,10
2103,-11
2104,0
2105,-9
2106,1
2107,-18
2108,-16
2109,4
2110,-2
2111,7
2112,0
2113,-6
2114,2
2115,10
2116,-7
2117,-1
2118,16
2119,-14
2120,5
2121,-8
2122,13
2123,-13
2124,9
2125,-16
2126,24
2127,-11
2128,7
2129,1
2130,-11
2131,-12
2132,14
2133,-10
2134,12
2135,16
2136,-10
2137,-4
2138,10
2139,9
2140,9
2141,-3
2142,3
2143,0
2144,0
2145,-3
2146,8
2147,3
2148,4
2149,5
2150,1
2151,3
2152,-10
2153,4
2154,-4
2155,-19
2156,-1
2157,-6
2158,-8
2159,2
2160,-17
2161,13
2162,-4
2163,8
2164,-4
2165,4
2166,-13
2167,8
2168,-7
2169,-12
2170,-2
2171,7
2172,3
2173,7
2174,-6
2175,12
2176,-4
2177,-2
2178,-6
2179,7
2180,8
2181,-14
2182,-17
2183,10
2184,15
2185,-17
2186,-11
2187,8
2188,13
2189,15
2190,8
2191,9
2192,-16
2193,2
2194,-11
2195,15
2196,1
2197,-15
2198,9
2199,21
2200,7
2201,-9
2202,3
2203,-6
2204,-12
2205,-6
2206,-8
2207,12
2208,3
2209,-3
2210,6
2211,6
2212,-13
2213,-10
2214,-16
2215,0
2216,-4
2217,-15
2218,-13
2219,4
2220,11
2221,8
2222,-2
2223,0
2224,9
2225,2
2226,-11
2227,15
2228,-6
2229,-8
2230,-3
2231,1
2232,-5
2233,0
2234,9
2235,13
2236,-6
2237,1
2238,-12
2239,-6
2240,0
2241,4
2242,1
2243,0
2244,13
2245,10
2246,3
2247,-17
2248,-17
2249,13
2250,-4
2251,-8
2252,-22
2253,-6
2254,-11
2255,-12
2256,14
2257,-2
2258,7
2259,0
2260,-1
2261,-4
2262,3
2263,-6
2264,-8
2265,10
2266,-3
2267,12
2268,-2
2269,-3
2270,-2
2271,15
2272,-13
2273,-37
2274,-12
2275,-3
2276,13
2277,11
2278,2
2279,-5
2280,-1
2281,-3
2282,14
2283,2
2284,23
2285,-7
2286,18
2287,3
2288,5
2289,-4
2290,7
2291,-1
2292,-3
2293,2
2294,0
2295,0
2296,4
2297,1
2298,-14
2299,11
2300,-10
2301,-3
2302,8
2303,2
2304,-17
2305,3
2306,10
2307,7
2308,0
2309,1
2310,0
2311,7
2312,13
2313,12
2314,-10
2315,-15
2316,0
2317,-30
2318,-1
2319,-1
2320,-2
2321,15
2322,0
2323,13
2324,-4
2325,1
2326,-1
2327,6
2328,4
2329,7
2330,-9
2331,-7
2332,5
2333,11
2334,-30
2335,3
2336,0
2337,-2
2338,9
2339,-1
2340,-9
2341,0
2342,-8
2343,-2
2344,-7
2345,-14
2346,3
2347,6
2348,-10
2349,1
2350,-6
2351,6
2352,-9
2353,2
2354,2
2355,-1
2356,13
2357,-2
2358,-16
2359,7
2360,10
2361,11
2362,0
2363,-8
2364,13
2365,-4
2366,-7
2367,7
2368,9
2369,0
2370,1
2371,7
2372,-10
2373,-7
2374,3
2375,13
2376,9
2377,11
2378,7
2379,5
2380,-5
2381,11
2382,5
2383,6
2384,-7
2385,-17
2386,-4
2387,14
2388,11
2389,-3
2390,-17
2391,9
2392,14
2393,3
2394,3
2395,2
2396,2
2397,3
2398,11
2399,10
2400,3
2401,-20
2402,-8
2403,-9
2404,5
2405,0
2406,-9
2407,15
2408,4
2409,-22
2410,-2
2411,-24
2412,8
2413,0
2414,-2
2415,4
2416,-8
2417,2
2418,8
2419,-19
2420,12
2421,-8
2422,-11
2423,-4
2424,10
2425,-1
2426,0
2427,-9
2428,-14
2429,-10
2430,-8
2431,-4
2432,-5
2433,0
2434,0
2435,-1
2436,8
2437,15
2438,1
2439,-4
2440,4
2441,-13
2442,-2
2443,-3
2444,-21
2445,-5
2446,11
2447,10
2448,-5
2449,-17
2450,-19
2451,11
2452,2
2453,6
2454,8
2455,4
2456,-10
2457,10
2458,14
2459,1
2460,-7
2461,3
2462,12
2463,13
2464,3
2465,8
2466,-10
2467,-15
2468,-4
2469,5
2470,18
2471,-19
2472,7
2473,11
2474,-6
2475,7
2476,3
2477,0
2478,-1
2479,-3
2480,-9
2481,11
2482,-2
2483,-12
2484,-9
2485,-9
2486,-14
2487,0
2488,4
2489,9
2490,-4
2491,0
2492,3
2493,7
2494,18
2495,9
2496,-4
2497,10
2498,7
2499,-11
2500,24
2501,8
2502,-9
2503,-5
2504,-10
2505,-13
2506,-22
2507,-3
2508,3
2509,-19
2510,28
2511,-3
2512,-3
2513,0
2514,12
2515,-2
2516,-18
2517,0
2518,-5
2519,3
2520,6
2521,-2
2522,0
2523,4
2524,5
2525,10
2526,5
2527,15
2528,6
2529,10
2530,0
2531,-1
2532,11
2533,-6
2534,14
2535,1
2536,4
2537,-5
2538,12
2539,-8
2540,3
2541,13
2542,-8
2543,-45
2544,15
2545,4
2546,-1
2547,-2
2548,-10
2549,-14
2550,1
2551,-11
2552,-7
2553,16
2554,-18
2555,-7
2556,-3
2557,-14
2558,9
2559,-5
2560,-7
2561,7
2562,7
2563,12
2564,14
2565,-11
2566,-4
2567,-10
2568,13
2569,-17
2570,2
2571,-3
2572,14
2573,6
2574,5
2575,4
2576,5
2577,5
2578,3
2579,8
2580,-26
2581,14
2582,9
2583,7
2584,7
2585,7
2586,-14
2587,3
2588,-7
2589,-1
2590,-1
2591,5
2592,-13
2593,13
2594,-9
2595,14
2596,27
2597,13
2598,-17
2599,3
2600,7
2601,-1
2602,-8
2603,0
2604,0
2605,-2
2606,-11
2607,-4
2608,-14
2609,-2
2610,-4
2611,-12
2612,-1
2613,13
2614,8
2615,-17
2616,1
2617,-28
2618,8
2619,-13
2620,15
2621,-31
2622,22
2623,11
2624,8
2625,0
2626,10
2627,-3
2628,19
2629,6
2630,-2
2631,-6
2632,4
2633,0
2634,11
2635,-8
2636,-5
2637,6
2638,21
2639,6
2640,-9
2641,-8
2642,5
2643,8
2644,4
2645,16
2646,8
2647,7
2648,2
2649,3
2650,12
2651,-12
2652,7
2653,0
2654,0
2655,5
2656,-19
2657,-19
2658,-1
2659,-16
2660,6
2661,-6
2662,-2
2663,-23
2664,-15
2665,-12
2666,10
2667,2
2668,0
2669,-8
2670,-9
2671,1
2672,0
2673,3
2674,8
2675,7
2676,12
2677,14
2678,4
2679,18
2680,1
2681,-3
2682,-23
2683,-12
2684,13
2685,-3
2686,10
2687,-37
2688,0
2689,-5
2690,-8
2691,-1
2692,3
2693,6
2694,-5
2695,15
2696,-21
2697,-5
2698,-16
2699,-2
2700,0
2701,7
2702,-3
2703,8
2704,2
2705,-3
2706,0
2707,-11
2708,-7
2709,-6
2710,-6
2711,4
2712,22
2713,11
2714,17
2715,14
2716,2
2717,-7
2718,10
2719,1
2720,-18
2721,-14
2722,2
2723,0
2724,-4
2725,8
2726,1
2727,20
2728,-6
2729,-5
2730,5
2731,-20
2732,5
2733,-7
2734,2
2735,6
2736,-8
2737,2
2738,12
2739,-17
2740,13
2741,0
2742,-10
2743,0
2744,13
2745,-29
2746,-4
2747,7
2748,-11
2749,2
2750,7
2751,9
2752,18
2753,2
2754,5
2755,12
2756,-16
2757,-6
2758,9
2759,2
2760,-3
2761,-15
2762,12
2763,-10
2764,-4
2765,-1
2766,12
2767,-14
2768,-3
2769,16
2770,1
2771,-12
2772,2
2773,-10
2774,13
2775,-3
2776,-6
2777,-2
2778,0
2779,0
2780,-8
2781,-6
2782,5
2783,11
2784,-3
2785,10
2786,9
2787,0
2788,-2
2789,0
2790,-10
2791,1
2792,-1
2793,10
2794,-4
2795,7
2796,-2
2797,18
2798,-6
2799,-18
2800,8
2801,-16
2802,1
2803,5
2804,10
2805,-9
2806,7
2807,5
2808,9
2809,17
2810,-16
2811,17
2812,19
2813,9
2814,-1
2815,-32
2816,-5
2817,3
2818,-2
2819,0
2820,-9
2821,-1
2822,-15
2823,11
2824,-11
2825,-16
2826,12
2827,-17
2828,2
2829,-11
2830,6
2831,12
2832,-2
2833,13
2834,0
2835,-6
2836,1
2837,5
2838,0
2839,2
2840,19
2841,-9
2842,-4
2843,-13
2844,4
2845,-2
2846,9
2847,13
2848,-9
2849,-16
2850,-11
2851,8
2852,11
2853,-2
2854,-1
2855,-17
2856,2
2857,2
2858,4
2859,-3
2860,0
2861,-12
2862,10
2863,1
2864,1
2865,-4
2866,17
2867,-23
2868,12
2869,5
2870,-2
2871,23
2872,-6
2873,-8
2874,4
2875,26
2876,2
2877,-14
2878,1
2879,-10
2880,11
2881,-2
2882,24
2883,2
2884,-7
2885,7
2886,-2
2887,-13
2888,-4
2889,-3
2890,-13
2891,2
2892,-20
2893,8
2894,-15
2895,4
2896,-2
2897,9
2898,7
2899,3
2900,-12
2901,-7
2902,-1
2903,5
2904,0
2905,-2
2906,-2
2907,0
2908,-1
2909,7
2910,16
2911,4
2912,-3
2913,-19
2914,3
2915,-10
2916,8
2917,2
2918,1
2919,10
2920,6
2921,15
2922,-3
2923,-15
2924,-12
2925,1
2926,12
2927,-6
2928,2
2929,16
2930,-1
2931,-13
2932,20
2933,-11
2934,14
2935,-8
2936,2
2937,23
2938,-5
2939,-14
2940,0
2941,15
2942,14
2943,10
2944,0
2945,12
2946,-7
2947,-2
2948,15
2949,-27
2950,5
2951,2
2952,7
2953,12
2954,7
2955,3
2956,0
2957,7
2958,17
2959,5
2960,6
2961,-7
2962,5
2963,-12
2964,18
2965,-3
2966,3
2967,-2
2968,-2
2969,-5
2970,-16
2971,5
2972,-2
2973,15
2974,-13
2975,7
2976,-6
2977,-2
2978,-8
2979,-1
2980,-20
2981,12
2982,-6
2983,0
2984,12
2985,-5
2986,9
2987,-21
2988,3
2989,-4
2990,-10
2991,-2
2992,1
2993,-1
2994,-3
2995,0
2996,6
2997,4
2998,7
2999,-6
3000,-2
3001,2
3002,7
3003,0
3004,-4
3005,-8
3006,13
3007,-9
3008,-8
3009,-29
3010,14
3011,-3
3012,-13
3013,-5
3014,8
3015,6
3016,17
3017,13
3018,-18
3019,0
3020,5
3021,26
3022,12
3023,14
3024,-14
3025,12
3026,5
3027,-27
3028,12
3029,9
3030,0
3031,1
3032,-8
3033,-7
3034,-16
3035,-16
3036,0
3037,12
3038,11
3039,-13
3040,-16
3041,7
3042,2
3043,-6
3044,7
3045,6
3046,-2
3047,16
3048,11
3049,14
3050,8
3051,-14
3052,-5
3053,0
3054,2
3055,4
3056,-7
3057,11
3058,-46
3059,-9
3060,-16
3061,15
3062,6
3063,-1
3064,-9
3065,-3
3066,-4
3067,2
3068,-4
3069,12
3070,9
3071,5
3072,12
3073,13
3074,-18
3075,9
3076,7
3077,-10
3078,10
3079,9
3080,7
3081,11
3082,-3
3083,-8
3084,-12
3085,-2
3086,-15
3087,-12
3088,-3
3089,9
3090,-4
3091,18
3092,-10
3093,4
3094,1
3095,1
3096,4
3097,-14
3098,2
3099,2
3100,21
3101,15
3102,-8
3103,-11
3104,-1
3105,16
3106,12
3107,0
3108,2
3109,-10
3110,9
3111,22
3112,-4
3113,8
3114,3
3115,-10
3116,-6
3117,5
3118,-9
3119,9
3120,8
3121,-29
3122,9
3123,8
3124,2
3125,-6
3126,6
3127,10
3128,0
3129,-1
3130,6
3131,-7
3132,11
3133,-15
3134,-22
3135,-12
3136,5
3137,5
3138,16
3139,-15
3140,-19
3141,-7
3142,-15
3143,-9
3144,-9
3145,16
3146,16
3147,9
3148,7
3149,7
3150,7
3151,-9
3152,-1
3153,6
3154,0
3155,-5
3156,-23
3157,-11
3158,-5
3159,6
3160,11
3161,-4
3162,9
3163,10
3164,-11
3165,14
3166,1
3167,-4
3168,-10
3169,-1
3170,12
3171,8
3172,13
3173,-14
3174,-4
3175,5
3176,22
3177,6
3178,-1
3179,20
3180,-13
3181,3
3182,-9
3183,4
3184,-16
3185,1
3186,0
3187,25
3188,0
3189,-5
3190,-5
3191,15
3192,-8
3193,-19
3194,1
3195,10
3196,9
3197,11
3198,0
3199,8
3200,7
3201,-4
3202,-10
3203,9
3204,-11
3205,13
3206,10
3207,-2
3208,2
3209,-1
3210,8
3211,8
3212,8
3213,-14
3214,6
3215,5
3216,2
3217,-13
3218,8
3219,0
3220,14
3221,-16
3222,5
3223,11
3224,11
3225,-4
3226,-13
3227,-7
3228,5
3229,-16
3230,0
3231,-11
3232,9
3233,-10
3234,4
3235,-10
3236,12
3237,10
3238,8
3239,7
3240,0
3241,-5
3242,-8
3243,-12
3244,-5
3245,12
3246,5
3247,4
3248,12
3249,2
3250,-12
3251,15
3252,5
3253,34
3254,-9
3255,5
3256,-6
3257,5
3258,7
3259,2
3260,-20
3261,-22
3262,13
3263,1
3264,-10
3265,10
3266,14
3267,12
3268,-1
3269,5
3270,8
3271,7
3272,-18
3273,-17
3274,2
3275,-8
3276,-2
3277,2
3278,10
3279,11
3280,-19
3281,9
3282,2
3283,12
3284,1
3285,-5
3286,11
3287,11
3288,14
3289,11
3290,12
3291,-5
3292,-21
3293,14
3294,8
3295,-8
3296,-15
3297,14
3298,15
3299,0
3300,13
3301,5
3302,9
3303,1
3304,-12
3305,13
3306,-17
3307,-2
3308,3
3309,12
3310,-4
3311,3
3312,-36
3313,-9
3314,1
3315,-13
3316,-21
3317,-3
3318,-33
3319,-10
3320,25
3321,0
3322,-6
3323,-15
3324,6
3325,4
3326,-1
3327,11
3328,-8
3329,0
3330,-14
3331,-3
3332,-2
3333,6
3334,14
3335,2
3336,-3
3337,14
3338,14
3339,15
3340,-9
3341,16
3342,-12
3343,5
3344,-17
3345,5
3346,17
3347,-11
3348,8
3349,5
3350,8
3351,-14
3352,-8
3353,2
3354,9
3355,-6
3356,6
3357,2
3358,-7
3359,16
3360,-12
3361,-2
3362,-10
3363,18
3364,-4
3365,-26
3366,-5
3367,13
3368,-10
3369,12
3370,2
3371,-10
3372,8
3373,7
3374,-18
3375,3
3376,9
3377,-8
3378,-3
3379,11
3380,-13
3381,1
3382,-13
3383,3
3384,8
3385,-15
3386,-10
3387,-8
3388,17
3389,2
3390,7
3391,-1
3392,2
3393,1
3394,3
3395,-6
3396,1
3397,-3
3398,-8
3399,16
3400,17
3401,2
3402,-11
3403,8
3404,6
3405,-18
3406,-8
3407,8
3408,18
3409,-3
3410,-3
3411,23
3412,-12
3413,-3
3414,15
3415,14
3416,-12
3417,10
3418,2
3419,-1
3420,1
3421,-23
3422,1
3423,9
3424,18
3425,-11
3426,7
3427,-2
3428,-13
3429,-2
3430,-10
3431,-24
3432,-19
3433,19
3434,5
3435,-1
3436,-16
3437,17
3438,-1
3439,-13
3440,9
3441,-7
3442,15
3443,2
3444,17
3445,4
3446,-16
3447,0
3448,-9
3449,9
3450,2
3451,2
3452,-16
3453,8
3454,-12
3455,-5
3456,3
3457,8
3458,16
3459,-4
3460,1
3461,4
3462,5
3463,-4
3464,14
3465,-3
3466,14
3467,-6
3468,-14
3469,-6
3470,-18
3471,5
3472,4
3473,13
3474,3
3475,7
3476,5
3477,15
3478,-13
3479,8
3480,11
3481,-3
3482,10
3483,5
3484,11
3485,-18
3486,-5
3487,-1
3488,-23
3489,-11
3490,0
3491,8
3492,-2
3493,8
3494,8
3495,19
3496,-10
3497,5
3498,-14
3499,-9
3500,-4
3501,2
3502,-3
3503,-10
3504,-4
3505,1
3506,-13
3507,8
3508,-18
3509,-13
3510,12
3511,2
3512,-19
3513,-11
3514,5
3515,13
3516,-7
3517,20
3518,10
3519,-11
3520,18
3521,8
3522,-16
3523,7
3524,7
3525,11
3526,-14
3527,7
3528,-6
3529,9
3530,-14
3531,-16
3532,-6
3533,19
3534,-4
3535,-2
3536,-8
3537,8
3538,11
3539,-10
3540,5
3541,8
3542,0
3543,0
3544,1
3545,-1
3546,-14
3547,-16
3548,0
3549,4
3550,0
3551,9
3552,-1
3553,-49
3554,4
3555,-10
3556,13
3557,12
3558,2
3559,7
3560,7
3561,14
3562,6
3563,-14
3564,8
3565,-1
3566,-10
3567,7
3568,-15
3569,11
3570,12
3571,3
3572,-1
3573,5
3574,4
3575,-7
3576,11
3577,8
3578,7
3579,0
3580,17
3581,-7
3582,-2
3583,6
3584,13
3585,-1
3586,-15
3587,-3
3588,6
3589,-2
3590,9
3591,8
3592,8
3593,8
3594,16
3595,4
3596,-8
3597,2
3598,12
3599,0
3600,17
3601,3
3602,0
3603,5
3604,-16
3605,9
3606,-8
3607,-13
3608,-1
3609,0
3610,-10
3611,-2
3612,9
3613,-25
3614,8
3615,2
3616,4
3617,6
3618,-4
3619,-10
3620,13
3621,-7
3622,-9
3623,0
3624,-1
3625,-8
3626,0
3627,3
3628,-20
3629,13
3630,-4
3631,0
3632,0
3633,8
3634,2
3635,-10
3636,-1
3637,14
3638,2
3639,1
3640,8
3641,2
3642,-26
3643,-15
3644,-21
3645,14
3646,-8
3647,6
3648,6
3649,-5
3650,12
3651,-4
3652,-2
3653,-6
3654,5
3655,11
3656,-5
3657,12
3658,23
3659,-6
3660,18
3661,-22
3662,6
3663,8
3664,3
3665,6
3666,3
3667,18
3668,17
3669,-15
3670,-13
3671,-22
3672,8
3673,-15
3674,-6
3675,-11
3676,-4
3677,-1
3678,-7
3679,-6
3680,3
3681,8
3682,8
3683,15
3684,16
3685,14
3686,-1
3687,-1
3688,-9
3689,12
3690,-15
3691,8
3692,-18
3693,-11
3694,1
3695,6
3696,4
3697,2
3698,8
3699,12
3700,-9
3701,3
3702,-15
3703,4
3704,-13
3705,6
3706,-14
3707,-4
3708,0
3709,-10
3710,-3
3711,-3
3712,11
3713,-21
3714,0
3715,8
3716,6
3717,-11
3718,1
3719,13
3720,4
3721,-4
3722,0
3723,4
3724,-21
3725,15
3726,-18
3727,4
3728,27
3729,9
3730,2
3731,-6
3732,1
3733,-13
3734,14
3735,-2
3736,-10
3737,-7
3738,-17
3739,-6
3740,7
3741,10
3742,-9
3743,-4
3744,-6
3745,9
3746,-18
3747,6
3748,-10
3749,0
3750,0
3751,1
3752,0
3753,-3
3754,-12
3755,-26
3756,-6
3757,10
3758,3
3759,8
3760,-19
3761,4
3762,8
3763,-13
3764,6
3765,21
3766,-3
3767,0
3768,17
3769,6
3770,15
3771,2
3772,15
3773,14
3774,10
3775,4
3776,8
3777,-3
3778,15
3779,-10
3780,7
3781,9
3782,-3
3783,26
3784,4
3785,-6
3786,1
3787,-5
3788,-15
3789,-8
3790,-19
3791,-1
3792,3
3793,-11
3794,4
3795,0
3796,15
3797,5
3798,-9
3799,11
3800,9
3801,15
3802,-7
3803,11
3804,4
3805,3
3806,-29
3807,9
3808,0
3809,1
3810,-10
3811,7
3812,5
3813,-8
3814,7
3815,-5
3816,9
3817,0
3818,-2
3819,-10
3820,-6
3821,-24
3822,12
3823,1
3824,-3
3825,7
3826,-1
3827,13
3828,3
3829,-14
3830,0
3831,-10
3832,-8
3833,-19
3834,17
3835,0
3836,12
3837,9
3838,10
3839,3
3840,0
3841,4
3842,8
3843,-6
3844,0
3845,0
3846,7
3847,1
3848,5
3849,15
3850,3
3851,2
3852,17
3853,-20
3854,-16
3855,6
3856,1
3857,12
3858,10
3859,2
3860,6
3861,1
3862,-9
3863,-10
3864,-16
3865,2
3866,2
3867,11
3868,23
3869,3
3870,15
3871,2
3872,-10
3873,-15
3874,-12
3875,-15
3876,8
3877,6
3878,-14
3879,-7
3880,-8
3881,10
3882,4
3883,-14
3884,-15
3885,-4
3886,7
3887,4
3888,-13
3889,8
3890,10
3891,-6
3892,7
3893,5
3894,-14
3895,-5
3896,8
3897,-8
3898,4
3899,0
3900,2
3901,-15
3902,3
3903,0
3904,-17
3905,-3
3906,-3
3907,-6
3908,4
3909,12
3910,-3
3911,0
3912,-14
3913,10
3914,-3
3915,3
3916,-3
3917,1
3918,-6
3919,5
3920,3
3921,-6
3922,-5
3923,0
3924,0
3925,-44
3926,-4
3927,2
3928,-6
3929,-5
3930,-19
3931,0
3932,6
3933,-2
3934,3
3935,22
3936,10
3937,-3
3938,12
3939,11
3940,-9
3941,29
3942,0
3943,-11
3944,2
3945,2
3946,8
3947,6
3948,-12
3949,-2
3950,2
3951,3
3952,7
3953,-1
3954,3
3955,4
3956,-5
3957,0
3958,12
3959,-2
